venda_id,cliente_id,produto_id,quantidade,data_venda
1,173,44,9,2024-04-16
2,61,38,7,2024-12-20
3,47,20,8,2024-01-05
4,149,23,9,2024-05-06
5,80,45,6,2023-05-17
6,118,16,4,2024-01-02
7,164,50,1,2023-07-03
8,147,42,8,2024-08-10
9,20,8,7,2023-10-14
10,185,50,2,2024-04-16
11,146,21,8,2024-01-10
12,47,1,5,2024-10-15
13,49,8,7,2024-06-20
14,14,29,4,2024-05-25
15,143,32,5,2024-08-01
16,159,38,8,2023-09-07
17,1,5,1,2024-05-24
18,117,47,1,2024-09-21
19,54,22,4,2023-03-14
20,118,47,3,2023-10-09
21,3,34,2,2023-12-26
22,144,1,3,2023-01-10
23,185,26,1,2023-07-30
24,12,43,1,2023-06-01
25,74,10,6,2023-01-05
26,16,30,5,2023-07-14
27,200,50,8,2023-10-10
28,102,18,2,2024-04-08
29,152,17,4,2023-04-23
30,156,26,8,2023-09-28
31,117,8,6,2023-06-12
32,8,47,1,2024-04-04
33,122,40,4,2023-04-15
34,92,49,1,2024-11-23
35,164,12,2,2024-07-09
36,90,27,5,2023-10-09
37,136,8,8,2024-11-17
38,186,25,8,2023-06-11
39,60,46,3,2023-12-17
40,178,4,4,2024-03-09
41,28,33,6,2023-05-20
42,101,1,3,2024-04-15
43,41,19,2,2023-05-12
44,192,31,6,2023-03-28
45,155,16,5,2024-11-18
46,191,14,5,2023-07-02
47,145,48,5,2024-01-03
48,161,5,5,2023-05-09
49,157,41,3,2023-09-03
50,141,26,7,2024-08-23
51,46,28,6,2024-07-31
52,35,2,4,2024-10-31
53,134,50,2,2024-01-13
54,82,6,9,2023-05-29
55,115,9,1,2024-03-08
56,197,33,4,2024-09-19
57,47,41,1,2024-12-26
58,153,25,6,2024-04-13
59,194,48,4,2024-03-21
60,10,13,5,2024-04-25
61,56,9,5,2023-10-21
62,30,13,9,2023-05-23
63,109,31,1,2023-09-07
64,5,41,2,2023-10-29
65,119,11,6,2023-01-25
66,33,4,5,2023-03-11
67,118,34,7,2024-09-16
68,65,38,3,2023-04-22
69,146,46,3,2023-12-30
70,177,4,2,2023-10-30
71,11,38,3,2024-04-15
72,85,19,1,2023-04-01
73,26,6,5,2024-06-13
74,63,34,5,2024-10-22
75,86,18,7,2024-12-26
76,59,13,4,2024-10-24
77,27,41,3,2023-07-11
78,177,23,1,2024-07-05
79,161,19,8,2023-08-30
80,98,45,3,2023-05-18
81,105,11,2,2023-12-11
82,99,1,4,2023-06-29
83,129,24,3,2024-12-12
84,149,7,1,2024-05-17
85,55,25,3,2023-07-22
86,6,21,2,2024-07-26
87,197,15,8,2023-07-11
88,95,1,6,2023-01-05
89,133,12,9,2023-08-25
90,102,7,8,2024-11-23
91,3,15,3,2023-11-07
92,181,21,5,2024-07-02
93,23,19,7,2023-02-25
94,53,29,5,2024-03-18
95,165,25,8,2023-08-25
96,83,33,5,2023-07-16
97,145,49,1,2024-08-07
98,85,32,5,2024-07-24
99,78,49,4,2024-05-28
100,110,35,6,2024-03-24
101,1,44,3,2023-12-26
102,51,38,5,2024-11-30
103,173,26,2,2023-01-30
104,4,11,6,2023-04-18
105,190,35,6,2024-08-24
106,193,8,5,2024-12-17
107,113,46,6,2024-03-20
108,32,14,7,2024-03-13
109,34,10,5,2024-08-28
110,92,2,1,2024-04-01
111,95,46,8,2024-09-06
112,72,9,4,2024-11-28
113,39,3,9,2024-11-26
114,154,21,6,2024-05-09
115,162,26,1,2024-11-04
116,182,8,3,2023-09-04
117,118,48,3,2024-06-26
118,3,2,4,2024-07-17
119,123,6,6,2024-08-10
120,50,28,7,2024-03-14
121,12,29,4,2023-10-05
122,193,26,6,2024-07-05
123,54,25,1,2024-09-04
124,133,12,8,2023-04-21
125,57,5,7,2024-01-20
126,145,34,9,2023-07-10
127,112,48,3,2024-05-04
128,47,37,2,2024-11-24
129,151,15,1,2024-03-01
130,85,44,3,2024-02-09
131,142,36,5,2023-12-01
132,66,15,2,2023-07-28
133,75,43,3,2023-01-22
134,179,48,4,2024-11-08
135,103,23,7,2024-09-02
136,166,6,3,2023-07-27
137,192,46,9,2023-01-08
138,38,50,8,2024-12-02
139,50,44,4,2024-11-17
140,98,43,1,2024-06-12
141,82,45,1,2024-08-24
142,30,21,1,2024-10-14
143,79,23,1,2024-10-18
144,91,43,8,2023-06-15
145,179,16,3,2024-05-10
146,191,47,6,2024-08-12
147,52,15,3,2024-03-04
148,166,25,5,2023-06-12
149,79,36,7,2024-01-01
150,30,11,2,2024-06-09
151,106,15,6,2023-08-27
152,51,4,6,2023-03-13
153,81,21,3,2024-03-20
154,133,13,6,2024-10-16
155,29,22,5,2024-05-23
156,132,19,2,2023-09-26
157,138,34,9,2024-02-19
158,184,14,8,2023-09-02
159,145,4,3,2024-11-05
160,74,48,8,2023-03-01
161,17,46,9,2023-01-06
162,84,27,3,2024-12-09
163,69,29,3,2024-07-23
164,34,47,2,2024-02-11
165,6,28,8,2023-08-05
166,53,35,1,2023-01-26
167,194,8,8,2023-01-05
168,126,16,7,2024-06-15
169,43,42,7,2024-01-25
170,115,36,3,2024-12-10
171,111,30,1,2024-07-24
172,151,18,4,2024-03-23
173,183,2,9,2023-05-26
174,80,49,5,2024-01-23
175,95,13,1,2023-09-06
176,118,4,5,2024-06-09
177,144,26,8,2024-04-06
178,8,25,8,2023-01-13
179,132,30,5,2024-01-19
180,104,11,9,2024-07-09
181,132,7,1,2024-02-03
182,184,31,4,2023-01-19
183,25,44,3,2024-07-28
184,195,10,2,2024-05-05
185,96,39,8,2024-02-23
186,195,13,7,2023-12-03
187,155,31,9,2024-02-23
188,93,7,2,2024-09-03
189,160,49,4,2024-11-05
190,178,42,6,2023-05-02
191,61,42,3,2024-03-07
192,122,36,8,2023-02-13
193,51,20,3,2023-11-13
194,147,4,2,2024-01-16
195,21,7,3,2023-05-25
196,5,1,6,2023-11-23
197,92,44,2,2023-12-29
198,170,45,8,2023-02-19
199,61,42,1,2023-03-06
200,22,47,7,2023-12-21
201,149,13,2,2023-06-13
202,70,22,6,2023-05-21
203,1,21,2,2023-05-08
204,133,22,2,2024-02-02
205,12,28,8,2024-04-07
206,90,9,2,2023-07-06
207,46,26,7,2024-12-20
208,34,9,3,2023-07-09
209,177,15,8,2024-01-23
210,78,10,7,2024-03-04
211,45,24,8,2023-10-11
212,155,42,7,2023-08-25
213,73,8,6,2023-07-13
214,26,24,7,2023-10-14
215,47,16,5,2023-05-16
216,121,49,7,2023-06-20
217,56,26,1,2023-06-08
218,94,27,1,2023-07-20
219,107,37,9,2024-05-01
220,63,4,5,2024-07-10
221,48,50,5,2024-08-05
222,61,24,3,2024-05-18
223,81,19,5,2024-01-06
224,26,36,3,2023-04-13
225,36,39,9,2023-05-05
226,1,10,9,2023-11-09
227,8,25,6,2024-04-02
228,113,18,1,2023-08-18
229,99,19,7,2024-10-19
230,180,36,7,2023-07-16
231,47,10,4,2024-02-27
232,127,33,8,2024-07-25
233,56,50,6,2024-09-01
234,14,5,4,2023-06-20
235,28,47,4,2024-01-17
236,78,49,2,2023-06-22
237,130,35,2,2024-10-24
238,109,44,4,2024-03-28
239,154,34,5,2023-12-16
240,14,33,8,2024-09-25
241,187,21,6,2024-05-08
242,56,17,4,2024-09-11
243,115,22,7,2023-01-04
244,7,48,8,2023-04-03
245,3,37,2,2023-01-06
246,111,15,7,2023-10-15
247,151,35,2,2024-09-09
248,107,28,2,2023-05-26
249,18,7,8,2024-02-28
250,38,32,2,2024-08-30
251,115,11,9,2024-04-01
252,15,10,1,2023-07-21
253,192,9,9,2023-07-31
254,119,14,1,2023-01-06
255,28,13,2,2024-09-15
256,39,25,6,2024-01-11
257,185,2,6,2024-03-22
258,17,35,1,2023-04-16
259,86,7,7,2024-10-12
260,126,21,8,2024-02-05
261,44,18,2,2023-04-06
262,25,3,8,2024-01-23
263,145,42,9,2024-03-27
264,13,39,6,2024-02-20
265,25,41,5,2024-12-26
266,68,49,9,2024-05-18
267,138,11,9,2024-03-29
268,67,39,1,2023-10-18
269,109,24,3,2024-06-17
270,146,46,9,2023-07-12
271,111,19,2,2023-05-30
272,111,4,4,2024-05-29
273,34,26,4,2024-01-28
274,111,38,2,2023-11-12
275,8,42,3,2023-03-17
276,168,32,3,2024-08-21
277,113,39,1,2023-09-27
278,83,45,6,2023-08-13
279,42,46,8,2024-06-13
280,169,36,3,2023-04-23
281,101,40,5,2023-09-08
282,6,37,1,2023-08-21
283,180,33,7,2024-12-14
284,26,36,1,2023-03-24
285,64,3,9,2023-05-05
286,187,9,8,2023-06-24
287,184,8,7,2023-03-10
288,59,33,7,2023-02-16
289,109,6,5,2023-09-13
290,198,41,5,2024-12-27
291,121,39,5,2023-01-30
292,33,4,1,2023-10-08
293,181,13,8,2023-08-25
294,150,49,1,2023-09-05
295,21,2,4,2024-01-03
296,198,5,9,2024-05-09
297,70,44,9,2023-01-25
298,112,27,5,2024-08-08
299,4,32,4,2024-12-18
300,94,21,3,2024-05-04
301,75,8,3,2024-05-08
302,190,38,5,2023-11-10
303,62,8,1,2024-08-28
304,94,50,5,2024-01-10
305,95,3,6,2024-09-30
306,152,44,7,2023-01-25
307,55,3,9,2023-11-30
308,137,22,3,2023-12-21
309,131,6,2,2023-04-26
310,31,2,3,2023-02-17
311,40,23,9,2023-04-09
312,36,44,7,2024-04-03
313,152,2,9,2024-06-06
314,6,38,2,2024-08-19
315,66,17,5,2024-02-09
316,75,35,4,2023-08-02
317,4,34,2,2024-11-15
318,79,23,9,2024-05-17
319,134,30,9,2024-12-21
320,118,8,6,2024-03-23
321,113,22,6,2024-07-29
322,94,44,8,2023-09-15
323,179,36,6,2023-05-01
324,62,5,1,2023-02-23
325,185,13,4,2023-11-27
326,194,29,7,2023-08-29
327,79,31,2,2024-06-13
328,136,47,9,2024-04-27
329,26,16,8,2023-07-06
330,179,42,8,2024-10-17
331,173,30,7,2023-09-19
332,44,16,4,2023-12-30
333,133,12,2,2024-05-05
334,70,17,3,2024-03-06
335,154,16,6,2023-08-27
336,118,12,5,2023-10-31
337,68,8,8,2023-10-25
338,19,20,6,2023-03-17
339,20,3,6,2024-11-30
340,113,16,1,2023-11-29
341,140,30,4,2024-10-03
342,47,45,5,2024-04-18
343,1,23,3,2023-10-10
344,90,28,9,2024-08-13
345,142,40,1,2023-03-13
346,64,5,6,2023-09-20
347,38,20,6,2024-12-03
348,37,40,5,2024-07-28
349,126,44,5,2023-01-12
350,139,1,5,2023-05-21
351,100,30,6,2024-07-08
352,77,21,8,2023-01-17
353,3,20,2,2023-03-04
354,161,6,6,2023-09-10
355,134,22,1,2024-04-09
356,178,18,4,2024-01-11
357,10,8,3,2024-06-03
358,5,39,9,2023-03-31
359,151,32,3,2024-12-20
360,138,33,6,2024-09-21
361,172,16,1,2023-06-24
362,130,12,6,2023-03-17
363,13,38,4,2024-09-04
364,168,34,8,2024-10-24
365,130,14,9,2024-02-04
366,84,36,4,2023-03-12
367,65,33,6,2023-06-29
368,63,23,1,2023-05-04
369,101,50,4,2024-01-16
370,73,45,7,2023-10-20
371,17,2,1,2023-07-14
372,9,41,8,2023-08-16
373,143,21,6,2024-03-06
374,152,2,5,2024-03-11
375,38,27,9,2024-04-05
376,163,9,2,2024-09-09
377,94,1,5,2023-01-21
378,95,11,6,2023-03-05
379,49,3,7,2023-06-14
380,69,23,5,2023-01-27
381,62,26,9,2023-11-07
382,188,4,1,2023-10-12
383,178,18,7,2024-10-21
384,78,6,7,2023-10-08
385,117,35,4,2023-06-13
386,120,22,9,2023-08-12
387,137,43,5,2023-05-26
388,162,15,4,2023-01-30
389,76,22,7,2023-02-14
390,35,37,4,2024-04-15
391,1,42,3,2023-02-03
392,40,12,9,2024-10-14
393,64,47,8,2024-03-02
394,150,49,1,2023-08-09
395,60,42,7,2024-06-17
396,64,38,9,2024-11-22
397,93,18,8,2024-01-02
398,72,45,8,2024-07-03
399,11,35,6,2024-08-04
400,105,30,4,2023-04-26
401,14,24,8,2023-08-27
402,60,42,3,2023-12-01
403,30,30,9,2024-03-16
404,35,14,2,2023-05-28
405,165,6,2,2023-01-09
406,5,3,7,2023-10-15
407,83,16,4,2024-01-23
408,123,7,8,2023-02-19
409,78,14,9,2024-05-31
410,154,9,7,2024-09-29
411,62,15,5,2024-08-09
412,132,21,8,2024-11-07
413,89,35,4,2023-10-05
414,42,2,2,2023-10-27
415,89,27,6,2024-08-11
416,146,2,9,2024-10-10
417,40,35,1,2024-09-09
418,72,18,7,2024-08-29
419,39,14,9,2023-05-15
420,104,20,9,2024-08-02
421,14,18,3,2023-05-27
422,32,10,5,2024-05-04
423,179,25,8,2024-04-22
424,125,2,8,2023-06-08
425,166,25,4,2024-01-19
426,97,33,1,2023-06-12
427,23,36,1,2024-03-16
428,63,31,4,2023-07-08
429,143,14,6,2024-02-19
430,153,1,8,2023-12-05
431,145,46,6,2024-08-29
432,194,16,9,2023-06-30
433,53,46,9,2023-10-15
434,104,3,2,2023-07-06
435,104,35,1,2023-05-18
436,179,41,2,2023-05-10
437,39,6,5,2023-07-13
438,179,25,4,2023-11-12
439,198,13,4,2023-05-24
440,134,34,9,2023-01-16
441,67,8,8,2023-10-29
442,135,21,6,2024-02-27
443,179,34,1,2023-09-02
444,200,4,2,2023-04-17
445,42,25,6,2023-03-29
446,192,15,2,2023-05-09
447,15,4,5,2023-12-07
448,111,45,5,2023-01-04
449,157,12,6,2023-11-23
450,33,32,6,2024-02-14
451,155,32,6,2023-11-02
452,164,28,2,2024-08-29
453,157,13,3,2024-12-21
454,38,31,6,2023-08-13
455,185,14,8,2023-12-14
456,97,20,1,2023-11-17
457,155,18,1,2024-07-12
458,183,29,2,2023-06-30
459,33,6,6,2024-09-09
460,196,32,9,2024-12-11
461,86,29,4,2024-01-21
462,66,43,3,2024-09-09
463,10,2,8,2023-04-18
464,5,23,9,2024-06-14
465,123,19,5,2024-02-14
466,74,31,9,2023-10-23
467,97,5,2,2023-06-20
468,118,19,3,2023-11-27
469,38,34,7,2024-05-07
470,141,10,7,2023-07-14
471,159,25,6,2023-01-12
472,47,2,6,2023-07-14
473,109,11,2,2024-05-04
474,180,50,6,2023-07-01
475,184,31,4,2024-10-17
476,15,15,3,2023-11-12
477,157,9,2,2024-11-24
478,136,23,1,2023-01-30
479,5,19,5,2024-08-18
480,157,9,2,2024-11-08
481,47,35,2,2023-04-06
482,68,21,7,2024-01-16
483,76,9,8,2024-03-19
484,173,28,8,2023-10-25
485,130,46,4,2023-12-27
486,155,7,1,2024-01-09
487,95,16,7,2024-07-07
488,115,16,1,2023-10-30
489,164,33,4,2024-02-25
490,36,4,8,2023-09-03
491,26,4,2,2024-12-20
492,43,39,6,2023-08-25
493,27,40,6,2024-06-17
494,69,17,9,2023-07-04
495,148,37,5,2024-04-12
496,11,39,4,2023-12-29
497,74,29,5,2023-10-10
498,104,36,5,2024-07-06
499,38,38,8,2023-12-02
500,134,39,8,2023-06-11
501,200,50,2,2023-06-09
502,23,37,7,2024-04-18
503,47,35,8,2024-08-23
504,90,7,6,2023-11-18
505,46,27,5,2023-01-12
506,107,28,9,2024-02-28
507,140,22,3,2023-03-14
508,141,14,4,2024-08-10
509,104,7,9,2023-07-20
510,190,37,6,2024-06-05
511,111,22,8,2024-05-19
512,104,5,7,2024-11-18
513,60,2,2,2023-02-08
514,171,27,3,2023-03-01
515,100,21,1,2024-07-31
516,68,38,9,2023-11-17
517,133,15,7,2024-03-10
518,120,21,1,2024-09-27
519,37,10,3,2024-11-06
520,72,23,4,2024-02-12
521,127,39,4,2024-01-21
522,106,5,5,2024-11-01
523,92,1,3,2024-07-22
524,31,13,3,2023-03-19
525,122,21,1,2023-07-13
526,137,26,7,2023-10-12
527,51,50,1,2024-06-10
528,29,45,2,2024-06-07
529,40,21,4,2024-09-04
530,41,18,4,2023-06-05
531,11,37,5,2023-12-06
532,151,45,2,2023-05-05
533,1,32,4,2023-10-07
534,46,36,1,2024-09-13
535,101,17,2,2024-10-19
536,149,35,1,2024-12-28
537,90,49,4,2024-11-04
538,110,11,4,2023-05-08
539,164,21,7,2023-11-10
540,182,26,9,2023-11-28
541,57,4,9,2023-05-30
542,1,34,5,2024-03-29
543,63,48,1,2023-02-05
544,182,18,1,2024-11-15
545,55,40,6,2024-02-24
546,115,35,2,2023-01-22
547,168,41,8,2023-07-25
548,143,29,9,2024-09-30
549,149,29,4,2023-12-22
550,175,38,5,2024-03-15
551,53,42,8,2024-12-29
552,137,21,3,2023-04-06
553,180,42,5,2023-06-13
554,57,13,3,2023-05-28
555,117,49,3,2024-06-13
556,154,41,3,2023-10-21
557,169,17,7,2023-07-14
558,35,9,7,2024-10-24
559,63,41,7,2024-04-24
560,25,1,8,2023-05-03
561,90,2,5,2024-02-04
562,75,48,5,2024-11-29
563,38,29,4,2024-03-27
564,130,33,7,2024-10-22
565,135,10,4,2023-04-14
566,162,50,2,2024-04-06
567,91,40,4,2024-12-18
568,17,21,8,2024-12-10
569,128,28,9,2024-01-31
570,171,11,3,2023-12-03
571,187,34,7,2024-08-21
572,108,8,9,2023-05-22
573,179,22,4,2023-11-13
574,182,8,3,2024-12-11
575,152,49,5,2024-07-11
576,25,15,1,2024-06-10
577,199,17,3,2024-07-09
578,180,23,8,2024-02-05
579,198,24,8,2024-11-11
580,88,45,4,2023-11-06
581,161,19,2,2024-05-09
582,177,5,8,2024-07-09
583,29,32,8,2024-09-01
584,63,44,4,2023-04-19
585,150,1,3,2024-01-07
586,154,23,2,2024-09-07
587,156,37,9,2023-07-25
588,114,8,1,2023-02-12
589,49,13,7,2023-09-02
590,199,8,5,2023-10-14
591,81,23,8,2023-12-21
592,84,43,4,2024-04-20
593,105,1,7,2023-03-24
594,177,45,5,2023-04-20
595,148,24,5,2023-07-09
596,118,35,9,2023-09-08
597,86,24,9,2024-12-24
598,63,17,9,2023-10-18
599,189,5,6,2024-10-06
600,104,20,6,2023-07-20
601,49,21,5,2023-11-22
602,71,40,9,2024-05-25
603,1,31,8,2024-02-13
604,141,46,7,2024-08-29
605,179,36,7,2024-05-22
606,123,11,6,2024-12-31
607,184,15,5,2024-08-23
608,62,19,4,2023-03-13
609,32,7,3,2023-09-04
610,158,28,3,2024-10-02
611,29,43,6,2024-12-24
612,49,5,4,2024-08-30
613,173,5,6,2024-08-09
614,30,30,3,2024-07-19
615,144,32,4,2023-12-10
616,168,8,9,2023-02-23
617,19,10,5,2024-12-30
618,18,38,7,2024-06-11
619,1,47,2,2024-09-02
620,78,32,5,2024-06-15
621,115,48,9,2024-07-11
622,175,28,3,2023-07-12
623,194,17,9,2023-02-27
624,113,31,6,2024-03-12
625,114,8,4,2023-04-21
626,166,40,7,2023-05-09
627,179,25,8,2024-12-06
628,63,9,6,2023-11-22
629,132,2,5,2023-01-08
630,129,15,6,2023-01-29
631,8,50,5,2023-04-22
632,157,3,8,2024-11-03
633,55,49,1,2023-05-11
634,103,36,7,2023-07-07
635,131,4,2,2024-11-05
636,32,14,9,2024-12-09
637,10,41,1,2024-04-19
638,110,41,6,2023-12-30
639,162,25,9,2023-07-23
640,124,50,1,2023-07-31
641,87,10,4,2024-09-12
642,55,21,4,2023-10-03
643,32,36,9,2023-03-14
644,178,12,5,2024-11-09
645,135,27,5,2023-08-31
646,93,40,6,2023-04-12
647,8,2,1,2024-11-15
648,65,13,1,2023-06-20
649,57,32,9,2024-10-14
650,67,31,3,2023-07-07
651,187,16,4,2024-03-16
652,72,32,1,2023-03-27
653,54,32,9,2024-04-20
654,67,34,8,2023-02-21
655,51,11,2,2023-04-21
656,97,10,8,2023-02-12
657,92,15,7,2023-07-30
658,8,17,6,2023-07-19
659,162,40,1,2024-09-18
660,35,18,7,2023-01-26
661,96,9,7,2023-10-26
662,88,25,9,2023-03-18
663,78,40,1,2023-05-17
664,32,14,2,2023-01-20
665,120,25,9,2024-03-15
666,46,50,9,2023-07-30
667,144,22,6,2024-07-04
668,196,30,6,2024-03-10
669,165,20,4,2023-07-26
670,182,21,4,2024-03-14
671,142,44,5,2024-10-27
672,55,32,3,2023-02-11
673,176,46,1,2024-02-15
674,7,49,1,2024-06-06
675,74,21,7,2024-09-01
676,7,35,1,2024-03-02
677,161,32,1,2023-10-02
678,151,30,3,2024-03-23
679,85,39,4,2024-01-04
680,147,49,4,2023-08-08
681,112,12,2,2024-07-30
682,125,41,1,2023-08-20
683,147,47,3,2023-11-24
684,36,18,4,2024-03-18
685,29,21,3,2023-02-21
686,188,13,8,2024-01-11
687,82,21,1,2023-09-20
688,2,8,2,2023-09-24
689,129,46,7,2023-12-25
690,47,40,4,2023-11-13
691,197,46,8,2023-11-20
692,148,7,3,2024-10-27
693,11,23,6,2024-10-13
694,130,44,9,2024-07-16
695,195,32,1,2024-09-20
696,119,11,1,2024-02-25
697,140,22,8,2023-02-15
698,20,22,3,2024-08-22
699,5,43,5,2024-12-20
700,37,25,1,2023-09-26
701,166,22,5,2024-08-23
702,137,28,6,2024-01-16
703,53,29,8,2023-04-28
704,172,13,3,2024-07-19
705,99,18,3,2023-04-26
706,86,2,9,2024-09-21
707,108,29,4,2023-09-17
708,24,21,4,2023-03-16
709,81,15,7,2024-04-24
710,158,27,2,2023-11-01
711,120,50,8,2023-01-07
712,59,31,6,2024-01-01
713,128,15,3,2024-09-25
714,114,23,9,2024-06-06
715,115,24,5,2023-12-14
716,14,44,8,2024-03-13
717,9,13,7,2023-08-03
718,40,22,8,2024-03-04
719,194,43,7,2024-05-12
720,25,37,3,2024-06-23
721,103,33,2,2024-01-02
722,22,3,7,2023-11-09
723,4,19,3,2024-06-21
724,154,23,3,2023-02-23
725,186,29,2,2024-06-24
726,29,30,4,2024-04-11
727,109,39,8,2023-06-13
728,98,44,1,2023-11-30
729,37,47,1,2024-06-30
730,75,25,5,2023-12-14
731,70,37,5,2023-09-30
732,146,47,1,2024-12-20
733,128,8,6,2024-02-18
734,85,42,1,2024-05-14
735,42,16,5,2023-04-03
736,100,8,9,2024-11-15
737,41,1,5,2023-03-20
738,166,44,6,2024-09-13
739,34,5,8,2023-08-05
740,17,3,1,2023-12-24
741,165,1,2,2024-09-09
742,153,4,9,2024-05-21
743,122,40,3,2024-07-12
744,76,35,6,2023-06-30
745,87,32,5,2024-07-29
746,117,42,2,2023-09-03
747,106,34,7,2023-09-01
748,86,43,4,2024-05-20
749,27,25,1,2024-02-26
750,57,10,4,2023-11-16
751,31,21,6,2023-03-28
752,134,46,7,2023-08-05
753,168,39,7,2024-05-04
754,98,27,7,2024-06-02
755,12,27,3,2023-10-05
756,53,2,6,2024-12-22
757,199,41,8,2023-06-18
758,138,48,4,2023-11-26
759,173,13,8,2024-10-11
760,145,9,2,2024-03-16
761,154,36,9,2024-01-26
762,190,22,9,2024-05-10
763,122,42,8,2024-01-16
764,46,26,1,2023-11-02
765,64,12,2,2024-11-03
766,130,17,6,2024-05-27
767,54,14,5,2023-07-07
768,107,14,9,2024-05-30
769,193,34,5,2024-10-05
770,51,20,2,2024-03-02
771,181,11,4,2024-05-16
772,36,16,9,2024-12-30
773,115,31,1,2023-09-17
774,26,6,1,2024-05-27
775,29,19,7,2023-03-12
776,149,37,3,2024-04-22
777,11,4,2,2023-06-27
778,40,47,9,2024-04-01
779,11,4,3,2023-07-08
780,164,20,2,2023-10-18
781,113,10,8,2024-06-03
782,187,24,6,2023-10-19
783,39,35,6,2024-09-26
784,54,26,7,2023-10-10
785,98,37,7,2024-06-27
786,55,38,6,2024-01-12
787,111,21,4,2024-10-19
788,152,40,9,2023-06-05
789,150,39,6,2024-05-22
790,69,21,4,2024-02-17
791,56,10,3,2024-06-11
792,33,38,4,2023-12-21
793,36,46,3,2024-07-12
794,148,4,2,2023-07-06
795,81,45,5,2023-01-31
796,190,20,2,2023-09-17
797,109,17,6,2024-02-25
798,154,7,3,2024-06-12
799,194,4,6,2024-07-04
800,73,29,9,2023-10-31
801,40,14,1,2023-02-08
802,17,3,6,2024-05-03
803,129,24,9,2024-10-05
804,61,37,4,2024-06-25
805,171,16,2,2024-10-31
806,104,4,4,2023-10-05
807,42,24,1,2023-07-22
808,25,34,3,2023-03-07
809,39,30,9,2023-04-18
810,35,18,5,2023-09-25
811,131,19,6,2023-08-10
812,108,31,3,2024-06-13
813,172,19,5,2023-03-31
814,179,49,8,2024-11-23
815,102,46,6,2023-09-12
816,98,19,4,2024-03-30
817,12,22,2,2023-09-10
818,19,24,9,2023-09-14
819,101,45,1,2024-01-18
820,44,12,1,2024-03-17
821,187,30,4,2024-08-21
822,49,38,7,2023-03-31
823,189,31,1,2024-01-25
824,17,36,9,2024-08-04
825,74,19,4,2023-02-13
826,57,48,3,2024-12-12
827,55,45,1,2024-10-25
828,47,36,4,2024-08-20
829,12,30,9,2023-01-19
830,62,49,6,2023-04-11
831,80,33,6,2024-08-29
832,83,18,1,2023-12-23
833,8,49,2,2024-06-25
834,149,28,6,2023-02-02
835,81,47,2,2023-08-17
836,118,11,3,2024-06-07
837,198,45,4,2024-09-21
838,200,33,5,2023-06-04
839,25,17,9,2024-02-27
840,89,6,4,2023-09-03
841,12,4,9,2024-02-09
842,143,20,3,2024-06-24
843,59,48,8,2023-06-10
844,154,47,1,2024-12-02
845,109,27,9,2023-04-27
846,26,15,9,2023-09-28
847,47,6,2,2024-11-22
848,32,47,4,2024-05-01
849,10,14,8,2023-06-21
850,16,11,7,2023-10-01
851,199,39,1,2023-09-16
852,145,9,5,2023-05-15
853,151,26,7,2024-11-13
854,26,16,4,2024-12-22
855,86,5,1,2024-02-26
856,135,10,9,2024-02-25
857,14,50,5,2023-07-05
858,79,3,2,2023-12-30
859,117,13,8,2024-08-29
860,7,43,2,2024-01-13
861,137,49,3,2024-06-06
862,115,30,1,2024-08-02
863,176,45,2,2024-12-22
864,72,6,7,2023-07-15
865,59,17,2,2023-04-08
866,82,45,6,2024-08-27
867,116,19,3,2023-01-22
868,167,42,4,2024-03-25
869,146,35,8,2023-06-21
870,187,46,3,2024-01-18
871,103,26,6,2023-05-14
872,17,5,1,2024-03-01
873,14,29,7,2023-01-25
874,159,37,8,2024-05-17
875,152,20,8,2023-07-04
876,108,49,3,2023-03-26
877,188,21,1,2024-07-20
878,45,10,9,2023-05-24
879,98,5,6,2024-11-09
880,131,36,9,2024-02-16
881,37,6,7,2023-08-12
882,171,26,1,2023-08-08
883,168,4,1,2023-06-28
884,183,39,6,2024-09-22
885,108,39,5,2024-03-08
886,39,50,9,2023-09-22
887,15,35,2,2024-03-04
888,120,1,8,2024-10-23
889,4,24,5,2024-02-20
890,93,36,2,2024-03-28
891,153,6,6,2024-12-27
892,141,41,8,2023-07-16
893,161,46,4,2024-07-07
894,16,44,2,2023-02-22
895,170,31,5,2024-04-24
896,108,20,2,2024-03-18
897,126,24,2,2023-11-26
898,194,25,6,2023-09-08
899,55,36,9,2023-05-03
900,170,21,4,2024-01-22
901,34,30,6,2023-12-05
902,158,24,7,2023-12-14
903,13,44,6,2023-01-29
904,141,42,8,2023-02-04
905,18,30,4,2024-06-01
906,160,22,1,2024-01-31
907,96,28,7,2024-09-14
908,123,7,3,2023-10-21
909,39,35,6,2024-08-11
910,46,28,2,2023-12-15
911,29,14,9,2023-05-27
912,190,10,1,2023-03-08
913,62,16,6,2024-06-03
914,185,16,6,2023-05-02
915,16,31,5,2023-12-06
916,184,42,5,2023-06-24
917,121,25,1,2024-11-21
918,10,13,5,2024-08-19
919,158,6,2,2024-03-26
920,153,44,7,2024-07-10
921,103,9,3,2023-05-16
922,84,45,4,2023-01-16
923,133,36,3,2023-11-29
924,65,43,3,2023-07-14
925,177,20,4,2024-05-10
926,3,18,5,2023-01-09
927,173,43,1,2023-11-30
928,142,21,4,2023-11-29
929,120,4,8,2023-11-23
930,158,50,7,2023-01-15
931,68,33,9,2024-09-05
932,146,27,5,2023-08-14
933,190,7,4,2024-02-29
934,37,6,8,2024-02-12
935,153,15,9,2023-04-23
936,176,18,7,2024-03-03
937,193,32,7,2023-01-01
938,181,11,5,2023-09-23
939,73,20,4,2024-05-05
940,143,24,1,2023-07-27
941,49,15,7,2024-09-13
942,121,48,1,2024-12-12
943,88,7,1,2024-01-04
944,196,21,5,2023-11-02
945,140,42,9,2023-01-12
946,187,26,6,2023-12-11
947,37,44,3,2024-04-09
948,61,14,3,2024-11-30
949,171,37,7,2024-10-27
950,124,21,6,2024-05-08
951,198,18,9,2024-01-03
952,39,5,6,2024-02-24
953,184,3,5,2023-06-20
954,63,23,7,2023-05-14
955,46,26,1,2024-03-02
956,88,37,7,2023-01-25
957,11,24,3,2024-06-13
958,62,49,9,2023-07-09
959,77,19,6,2023-05-21
960,153,25,9,2024-07-08
961,199,21,5,2024-10-19
962,52,12,7,2023-11-11
963,4,41,4,2024-03-19
964,59,33,7,2023-11-15
965,72,50,1,2024-03-16
966,148,4,7,2023-04-02
967,93,42,8,2023-06-28
968,63,7,5,2023-02-25
969,54,22,2,2023-06-04
970,117,33,5,2024-11-02
971,110,17,6,2023-04-21
972,74,24,2,2023-05-17
973,107,34,6,2023-08-20
974,57,28,6,2024-04-12
975,169,43,1,2024-04-25
976,3,41,1,2023-03-09
977,120,39,3,2023-09-06
978,6,22,3,2023-11-19
979,5,49,4,2024-06-01
980,5,17,2,2024-03-07
981,54,34,9,2024-05-01
982,47,6,7,2024-08-28
983,177,46,7,2024-03-04
984,9,6,6,2023-09-26
985,99,34,3,2024-12-09
986,20,1,6,2024-06-20
987,122,10,8,2023-05-28
988,61,21,8,2023-04-28
989,123,5,9,2024-01-02
990,163,2,1,2023-03-07
991,178,22,1,2024-01-05
992,82,48,3,2023-06-24
993,62,2,3,2024-08-10
994,145,10,8,2024-05-09
995,3,34,1,2023-04-24
996,160,16,2,2023-04-21
997,13,48,2,2024-03-14
998,120,39,3,2024-12-15
999,125,22,6,2023-05-27
1000,89,12,1,2023-02-04
1001,73,24,2,2023-11-05
1002,68,47,1,2024-06-21
1003,142,40,5,2023-01-14
1004,101,38,7,2024-01-09
1005,98,10,8,2024-07-10
1006,11,35,1,2024-03-03
1007,105,49,7,2024-12-28
1008,184,32,5,2023-08-21
1009,67,7,1,2024-12-05
1010,123,21,3,2024-07-16
1011,29,20,7,2024-12-26
1012,137,26,1,2024-10-24
1013,195,4,7,2024-03-15
1014,153,46,5,2024-05-16
1015,76,22,1,2023-10-02
1016,170,15,1,2023-03-17
1017,9,40,1,2024-03-14
1018,40,21,9,2024-11-29
1019,25,15,3,2023-10-16
1020,5,22,5,2024-06-23
1021,139,28,9,2024-11-22
1022,187,14,6,2023-09-10
1023,124,27,9,2023-05-06
1024,38,41,8,2023-06-26
1025,72,40,8,2023-02-06
1026,133,28,1,2024-02-14
1027,176,26,9,2024-09-02
1028,90,49,6,2024-09-01
1029,146,2,9,2023-05-07
1030,198,25,3,2024-04-27
1031,37,3,3,2023-06-17
1032,60,8,6,2024-08-14
1033,176,44,9,2023-10-21
1034,28,33,7,2024-09-29
1035,197,42,3,2023-12-09
1036,81,35,3,2023-11-06
1037,114,6,2,2024-10-23
1038,40,39,9,2024-06-11
1039,45,23,3,2024-06-23
1040,62,25,5,2024-02-23
1041,93,50,9,2024-03-19
1042,115,43,8,2024-11-15
1043,186,19,2,2024-07-11
1044,67,5,3,2023-08-24
1045,56,11,2,2024-03-14
1046,40,12,8,2023-08-02
1047,98,10,6,2023-03-26
1048,40,8,6,2023-03-26
1049,91,24,9,2024-05-03
1050,33,28,8,2023-03-06
1051,6,41,4,2024-10-07
1052,147,36,4,2024-10-24
1053,80,37,9,2024-09-18
1054,168,21,1,2023-03-05
1055,92,8,2,2023-12-09
1056,97,9,2,2023-12-18
1057,59,47,6,2023-06-07
1058,59,15,4,2024-08-11
1059,48,48,3,2024-05-05
1060,169,46,3,2024-10-19
1061,13,40,3,2024-04-07
1062,107,18,6,2023-08-13
1063,45,42,8,2023-11-09
1064,89,20,7,2024-09-06
1065,181,6,4,2024-04-10
1066,170,12,4,2023-03-29
1067,100,2,2,2023-10-30
1068,191,7,1,2024-11-10
1069,155,16,9,2024-03-10
1070,166,3,2,2024-11-12
1071,188,45,8,2023-05-15
1072,7,3,9,2023-02-19
1073,133,27,4,2024-03-07
1074,45,50,8,2023-12-06
1075,58,43,9,2023-12-13
1076,31,40,5,2024-10-07
1077,23,38,7,2023-12-13
1078,170,33,4,2024-10-10
1079,138,28,1,2023-09-02
1080,160,1,3,2023-04-19
1081,107,8,5,2024-06-16
1082,181,37,3,2023-03-31
1083,158,32,7,2023-10-23
1084,39,48,9,2023-04-22
1085,159,43,6,2024-08-11
1086,82,37,1,2023-06-26
1087,100,4,7,2023-12-09
1088,2,30,3,2024-10-21
1089,77,6,5,2023-04-11
1090,12,46,4,2024-09-20
1091,39,19,5,2024-08-26
1092,194,32,5,2024-02-05
1093,13,9,6,2023-01-28
1094,46,12,6,2024-06-20
1095,155,11,8,2023-02-27
1096,113,46,8,2024-05-12
1097,17,16,9,2023-10-24
1098,104,1,8,2023-05-14
1099,98,45,2,2023-11-27
1100,188,21,1,2023-09-06
1101,192,30,2,2024-07-03
1102,88,13,2,2023-03-16
1103,109,34,3,2024-10-15
1104,163,4,7,2023-06-17
1105,70,28,2,2024-05-17
1106,158,38,1,2023-12-21
1107,199,31,6,2023-08-13
1108,74,27,9,2024-10-25
1109,63,5,3,2024-06-14
1110,156,25,6,2023-05-26
1111,60,3,3,2023-08-29
1112,79,33,1,2023-12-10
1113,37,4,5,2023-02-04
1114,22,25,4,2024-12-02
1115,196,20,7,2023-01-01
1116,148,34,6,2023-06-02
1117,96,26,7,2024-03-04
1118,68,5,5,2024-05-22
1119,192,35,4,2023-05-06
1120,17,28,7,2024-05-05
1121,12,29,7,2024-04-26
1122,150,9,6,2023-12-11
1123,145,38,8,2023-08-09
1124,138,50,4,2024-12-23
1125,118,6,5,2023-01-25
1126,193,19,4,2024-06-11
1127,22,44,1,2023-07-01
1128,120,11,8,2024-05-13
1129,50,2,1,2024-10-02
1130,14,47,5,2023-02-11
1131,192,44,6,2024-04-25
1132,175,44,6,2024-03-14
1133,29,9,5,2024-02-06
1134,164,21,3,2024-06-29
1135,180,24,5,2023-12-11
1136,125,34,8,2023-02-14
1137,7,22,2,2024-10-07
1138,29,3,6,2023-01-21
1139,139,12,9,2024-09-25
1140,33,28,8,2023-03-11
1141,134,30,8,2023-02-17
1142,111,26,8,2024-05-05
1143,79,48,7,2024-07-04
1144,160,21,8,2023-10-14
1145,179,28,6,2023-01-10
1146,58,26,2,2024-06-25
1147,26,33,2,2023-10-01
1148,174,21,8,2024-08-22
1149,29,35,1,2024-01-16
1150,4,34,6,2023-11-25
1151,99,41,6,2024-04-23
1152,141,47,4,2023-01-15
1153,39,18,3,2024-05-30
1154,15,11,3,2023-07-10
1155,119,23,1,2023-06-17
1156,29,48,3,2024-06-04
1157,157,22,4,2024-09-12
1158,75,17,5,2023-05-17
1159,116,5,3,2023-06-03
1160,32,44,6,2024-01-23
1161,130,11,5,2023-07-28
1162,175,30,3,2023-09-29
1163,84,15,6,2023-05-23
1164,22,27,6,2024-09-02
1165,27,35,8,2023-03-10
1166,195,33,2,2023-09-04
1167,81,20,1,2023-09-18
1168,126,16,4,2023-03-20
1169,184,34,7,2024-10-19
1170,92,2,3,2024-09-14
1171,21,35,3,2024-08-27
1172,47,40,5,2024-06-08
1173,101,28,5,2024-09-12
1174,187,47,3,2023-11-26
1175,84,39,9,2023-07-08
1176,6,6,4,2023-04-05
1177,147,9,3,2024-09-08
1178,185,20,2,2023-01-08
1179,197,1,9,2023-03-08
1180,131,8,4,2024-05-10
1181,1,23,3,2023-07-10
1182,58,3,7,2024-01-01
1183,124,4,8,2024-06-04
1184,166,25,2,2023-04-27
1185,15,47,7,2023-09-24
1186,162,38,5,2024-09-02
1187,189,15,5,2024-04-29
1188,163,21,3,2024-05-23
1189,64,35,5,2023-10-25
1190,25,46,2,2023-06-13
1191,24,14,4,2024-01-11
1192,12,36,6,2024-10-14
1193,18,12,1,2023-09-25
1194,15,17,4,2024-07-02
1195,27,39,6,2023-03-15
1196,72,9,9,2024-05-22
1197,60,35,2,2023-03-14
1198,174,13,7,2023-11-04
1199,145,15,6,2023-07-18
1200,93,18,2,2023-05-10
1201,53,33,8,2024-07-25
1202,8,6,7,2024-09-06
1203,79,27,5,2024-05-01
1204,27,23,5,2023-05-31
1205,174,27,7,2024-10-30
1206,50,34,9,2023-07-25
1207,199,46,9,2023-06-28
1208,131,38,9,2023-07-16
1209,93,14,6,2023-03-30
1210,192,36,6,2024-03-09
1211,172,8,3,2023-07-02
1212,181,35,1,2023-07-28
1213,24,19,7,2024-05-07
1214,60,30,4,2023-05-10
1215,122,14,1,2024-10-26
1216,131,20,8,2023-01-13
1217,148,49,6,2024-09-25
1218,46,25,6,2023-04-16
1219,15,40,2,2024-01-10
1220,153,24,1,2024-08-04
1221,199,14,2,2024-12-07
1222,17,26,4,2024-11-28
1223,126,38,2,2023-04-09
1224,84,23,1,2024-08-16
1225,9,22,7,2024-08-09
1226,166,48,8,2023-07-11
1227,176,19,6,2023-11-21
1228,188,46,4,2024-12-26
1229,63,3,6,2024-04-11
1230,117,42,3,2024-01-02
1231,130,19,8,2023-11-14
1232,88,9,2,2023-05-24
1233,72,28,5,2024-01-19
1234,139,20,1,2023-08-04
1235,64,45,6,2023-12-27
1236,72,7,2,2023-11-20
1237,21,14,4,2023-01-15
1238,18,9,6,2023-08-05
1239,64,19,8,2024-05-06
1240,82,47,8,2024-06-30
1241,110,14,6,2023-07-02
1242,95,38,4,2023-09-27
1243,166,36,8,2024-04-11
1244,32,40,8,2024-09-03
1245,11,17,1,2024-06-02
1246,45,30,4,2024-06-25
1247,33,9,4,2024-04-11
1248,102,33,7,2023-11-01
1249,169,25,7,2023-05-24
1250,136,14,8,2023-04-21
1251,11,11,5,2023-08-20
1252,179,35,7,2024-11-21
1253,88,41,8,2024-08-06
1254,41,14,9,2024-12-22
1255,145,30,3,2024-08-14
1256,76,41,3,2024-05-14
1257,121,4,4,2024-08-17
1258,46,4,5,2024-07-07
1259,160,28,1,2023-09-30
1260,80,8,7,2024-12-03
1261,54,2,9,2023-06-22
1262,86,41,8,2023-01-07
1263,92,46,5,2023-06-04
1264,148,22,4,2024-06-05
1265,161,41,7,2024-06-29
1266,168,16,5,2024-07-01
1267,160,29,7,2024-06-01
1268,97,49,1,2023-08-03
1269,2,48,1,2023-05-14
1270,33,30,3,2023-10-12
1271,158,12,2,2023-05-06
1272,161,35,2,2024-03-14
1273,77,11,7,2024-11-16
1274,116,46,2,2023-06-01
1275,154,50,4,2023-11-27
1276,150,21,2,2024-06-21
1277,103,21,6,2024-01-18
1278,194,5,8,2023-04-25
1279,166,48,4,2024-04-26
1280,103,20,5,2023-10-11
1281,90,37,4,2023-03-16
1282,174,3,3,2023-06-15
1283,122,44,5,2023-07-08
1284,143,33,9,2023-03-19
1285,106,9,8,2024-08-24
1286,119,9,8,2024-11-18
1287,172,4,8,2023-01-21
1288,49,35,8,2024-07-19
1289,104,17,7,2023-07-03
1290,61,34,8,2023-08-10
1291,195,24,8,2023-11-24
1292,123,32,8,2023-06-28
1293,134,1,7,2023-04-22
1294,9,8,1,2024-12-26
1295,6,45,4,2023-02-28
1296,73,23,4,2023-11-23
1297,103,47,5,2024-09-12
1298,160,40,6,2024-10-30
1299,41,12,4,2023-07-10
1300,114,12,2,2023-07-19
1301,8,46,6,2023-11-08
1302,72,47,8,2024-12-08
1303,178,15,8,2023-02-04
1304,92,41,7,2024-01-14
1305,62,19,6,2024-01-22
1306,84,26,2,2023-08-25
1307,62,29,7,2024-09-07
1308,111,22,5,2024-06-02
1309,127,40,6,2023-10-10
1310,7,21,8,2023-01-01
1311,84,38,8,2024-12-31
1312,132,20,3,2024-04-08
1313,134,29,7,2023-08-18
1314,58,4,1,2023-06-21
1315,22,7,1,2023-03-28
1316,154,28,7,2024-07-06
1317,127,28,9,2023-05-03
1318,3,4,7,2023-10-25
1319,127,22,5,2024-11-20
1320,41,12,8,2024-07-28
1321,188,45,2,2024-04-28
1322,106,3,9,2023-06-14
1323,14,22,6,2024-11-29
1324,12,44,9,2024-01-18
1325,87,2,2,2023-07-28
1326,12,24,3,2024-03-07
1327,141,34,8,2024-01-24
1328,25,27,1,2024-07-13
1329,45,41,7,2023-08-12
1330,122,1,7,2023-01-03
1331,147,8,1,2024-01-07
1332,55,23,9,2024-11-17
1333,100,38,8,2024-03-21
1334,173,6,4,2024-09-02
1335,136,22,5,2023-04-26
1336,119,25,2,2023-09-27
1337,53,18,9,2024-03-22
1338,183,17,6,2024-01-03
1339,32,12,3,2023-09-10
1340,51,6,7,2023-11-13
1341,44,26,9,2024-02-19
1342,82,27,3,2023-04-05
1343,198,8,2,2023-01-24
1344,146,19,7,2024-09-19
1345,150,42,7,2024-10-24
1346,37,1,4,2023-02-19
1347,96,29,9,2024-05-16
1348,56,45,8,2024-12-18
1349,105,49,1,2024-05-12
1350,59,35,1,2023-12-01
1351,131,40,5,2023-03-20
1352,156,14,6,2024-08-04
1353,35,35,3,2023-01-27
1354,189,48,9,2023-09-28
1355,93,45,6,2024-07-15
1356,182,20,4,2023-09-04
1357,191,49,7,2024-08-13
1358,97,13,8,2024-01-22
1359,135,38,9,2024-12-02
1360,76,49,6,2024-07-12
1361,49,46,6,2023-12-27
1362,94,49,8,2024-05-02
1363,159,8,5,2023-12-18
1364,186,43,3,2024-12-01
1365,189,20,3,2023-09-13
1366,24,33,6,2023-08-10
1367,148,26,2,2023-01-01
1368,37,39,6,2024-06-29
1369,4,21,6,2024-03-21
1370,108,49,8,2023-03-20
1371,126,42,7,2023-08-24
1372,20,43,8,2023-11-30
1373,188,41,9,2023-12-15
1374,152,9,6,2023-04-08
1375,50,24,3,2023-03-23
1376,177,37,3,2024-05-16
1377,179,49,1,2024-04-21
1378,96,41,5,2024-12-04
1379,105,17,4,2024-07-03
1380,164,24,9,2023-01-14
1381,117,21,9,2024-01-27
1382,98,39,5,2023-12-13
1383,66,41,4,2023-11-06
1384,79,39,7,2024-01-21
1385,162,13,6,2023-07-28
1386,164,11,4,2023-12-23
1387,6,46,2,2024-08-23
1388,39,19,1,2024-07-21
1389,170,11,4,2023-04-04
1390,115,13,4,2023-04-03
1391,186,46,1,2023-12-06
1392,125,45,6,2024-08-19
1393,12,1,4,2024-03-20
1394,131,40,1,2023-01-22
1395,18,44,1,2023-10-18
1396,40,19,1,2024-04-29
1397,21,12,8,2023-11-02
1398,143,8,8,2024-09-25
1399,99,8,2,2023-05-08
1400,26,45,7,2024-09-16
1401,8,12,8,2023-09-30
1402,100,48,8,2024-03-17
1403,87,33,7,2024-05-17
1404,42,45,5,2023-05-10
1405,172,26,1,2023-05-12
1406,14,39,9,2024-08-19
1407,78,28,7,2024-04-26
1408,2,5,2,2024-01-25
1409,119,8,6,2024-08-15
1410,37,25,2,2023-11-21
1411,69,27,1,2023-03-10
1412,166,46,7,2024-10-21
1413,41,23,2,2024-03-23
1414,62,30,2,2024-06-11
1415,60,45,5,2024-09-08
1416,125,47,5,2023-06-14
1417,111,23,7,2024-05-02
1418,14,49,1,2024-12-13
1419,84,47,8,2024-12-09
1420,130,20,3,2024-03-01
1421,70,18,4,2024-11-27
1422,145,18,9,2023-09-22
1423,123,2,4,2024-09-03
1424,89,4,5,2023-12-08
1425,28,30,7,2024-12-26
1426,66,33,4,2023-10-05
1427,163,36,1,2024-11-04
1428,5,18,9,2024-03-14
1429,193,37,4,2023-06-06
1430,168,19,9,2024-02-26
1431,184,47,6,2023-09-08
1432,164,28,1,2024-08-31
1433,45,40,3,2024-06-13
1434,151,20,2,2023-11-23
1435,47,49,9,2023-04-07
1436,31,33,1,2024-05-27
1437,139,12,9,2023-08-04
1438,10,15,9,2023-05-12
1439,195,41,8,2023-09-17
1440,118,39,8,2023-05-05
1441,14,2,1,2023-03-23
1442,80,29,8,2023-10-10
1443,93,41,3,2024-11-13
1444,10,10,7,2023-02-28
1445,76,2,1,2024-06-27
1446,94,11,1,2023-06-10
1447,105,13,5,2023-10-11
1448,1,10,5,2023-04-16
1449,133,14,8,2023-04-15
1450,20,18,7,2024-03-14
1451,8,9,8,2023-08-16
1452,171,39,6,2024-11-30
1453,1,28,6,2024-08-04
1454,57,3,2,2023-11-14
1455,64,20,6,2024-04-08
1456,118,6,5,2024-08-21
1457,28,27,3,2024-04-16
1458,121,2,6,2023-02-25
1459,107,29,8,2024-09-16
1460,165,38,9,2023-01-13
1461,175,3,1,2024-03-15
1462,165,16,3,2023-01-18
1463,49,30,3,2024-11-24
1464,120,40,8,2023-04-23
1465,44,2,1,2023-08-17
1466,56,17,5,2023-06-20
1467,156,41,3,2023-10-22
1468,111,12,2,2023-07-08
1469,134,35,8,2024-03-01
1470,108,43,3,2023-03-20
1471,189,1,7,2024-10-19
1472,148,45,1,2023-07-01
1473,114,15,6,2024-05-13
1474,78,26,3,2024-12-08
1475,130,37,8,2023-03-12
1476,37,21,6,2023-09-05
1477,20,49,2,2023-05-26
1478,26,31,6,2024-09-09
1479,29,25,7,2023-10-23
1480,1,23,5,2024-08-04
1481,119,24,3,2024-04-14
1482,35,38,4,2024-05-20
1483,198,28,4,2023-07-12
1484,59,21,6,2023-03-09
1485,69,43,1,2024-05-08
1486,161,18,4,2023-02-21
1487,179,36,4,2023-12-29
1488,12,35,1,2024-04-18
1489,20,45,9,2024-06-04
1490,181,9,4,2024-03-06
1491,43,38,7,2023-10-25
1492,126,30,3,2024-03-10
1493,50,44,3,2024-11-26
1494,29,34,8,2024-11-21
1495,185,32,8,2023-07-17
1496,39,3,1,2023-05-08
1497,184,3,2,2024-06-15
1498,171,28,8,2024-02-15
1499,178,44,1,2023-03-06
1500,151,15,8,2024-11-24
